{"cameraMode":{"drawMode":0,"name":"Shaded","section":"Shading Mode"},"sceneLighting":true,"audioPlay":false,"sceneViewState":{"m_AlwaysRefresh":false,"showFog":true,"showSkybox":true,"showFlares":true,"showImageEffects":true,"showParticleSystems":true,"showVisualEffectGraphs":true,"m_FxEnabled":true},"in2DMode":false,"pivot":{"x":478.6289367675781,"y":715.9837036132813,"z":935.5096435546875},"rotation":{"x":-0.15521204471588136,"y":0.07608074694871903,"z":-0.011990734376013279,"w":-0.9848775267601013},"size":151.27725219726563,"orthographic":false}